FL_DATE,DEP_DELAY
2016-01-01,9.163461538461538
2016-01-02,12.969750889679716
2016-01-03,23.267006802721088
2016-01-04,17.030252100840336
2016-01-05,27.391472868217054
2016-01-06,39.877906976744185
2016-01-07,9.79417122040073
2016-01-08,7.231464737793852
2016-01-09,6.045146726862303
2016-01-10,9.801587301587302
2016-01-11,8.098360655737705
2016-01-12,1.0534351145038168
2016-01-13,5.916201117318436
2016-01-14,9.594545454545454
2016-01-15,8.952641165755919
2016-01-16,10.17169373549884
2016-01-17,4.86875
2016-01-18,8.783882783882785
2016-01-19,6.95
2016-01-20,4.277153558052435
2016-01-21,4.582577132486389
2016-01-22,13.598802395209582
2016-01-23,6.201044386422977
2016-01-24,9.67167381974249
2016-01-25,5.727611940298507
2016-01-26,0.7567567567567568
2016-01-27,-0.12994350282485875
2016-01-28,2.210526315789474
2016-01-29,7.175724637681159
2016-01-30,5.498845265588915
2016-01-31,19.9402390438247
2016-02-01,2.966292134831461
2016-02-02,4.58235294117647
2016-02-03,5.308988764044944
2016-02-04,5.111913357400722
2016-02-05,11.518987341772151
2016-02-06,0.5105386416861827
2016-02-07,0.6416309012875536
2016-02-08,4.7150735294117645
2016-02-09,7.440313111545988
2016-02-10,5.5514018691588785
2016-02-11,5.051601423487544
2016-02-12,3.7035087719298247
2016-02-13,9.810502283105023
2016-02-14,10.420833333333333
2016-02-15,12.40036231884058
2016-02-16,8.475285171102662
2016-02-17,13.238888888888889
2016-02-18,14.987455197132617
2016-02-19,18.32155477031802
2016-02-20,6.2555555555555555
2016-02-21,4.889097744360902
2016-02-22,4.776785714285714
2016-02-23,5.067542213883677
2016-02-24,9.566355140186916
2016-02-25,5.371681415929204
2016-02-26,3.6905594405594404
2016-02-27,21.18888888888889
2016-02-28,4.385767790262173
2016-02-29,9.373665480427047
2016-03-01,4.325187969924812
2016-03-02,7.776363636363636
2016-03-03,7.86411149825784
2016-03-04,14.438898450946644
2016-03-05,8.33763440860215
2016-03-06,14.204044117647058
2016-03-07,16.728571428571428
2016-03-08,8.279112754158964
2016-03-09,8.666666666666666
2016-03-10,21.384347826086955
2016-03-11,24.6213921901528
2016-03-12,11.949895615866389
2016-03-13,17.490018148820326
2016-03-14,13.691768826619965
2016-03-15,5.692870201096892
2016-03-16,5.7985739750445635
2016-03-17,7.715017064846417
2016-03-18,14.286926994906622
2016-03-19,6.700623700623701
2016-03-20,8.678507992895204
2016-03-21,14.972270363951473
2016-03-22,8.675774134790528
2016-03-23,9.75
2016-03-24,13.7560553633218
2016-03-25,11.077054794520548
2016-03-26,8.950310559006212
2016-03-27,11.362989323843417
2016-03-28,13.484429065743944
2016-03-29,7.597096188747732
2016-03-30,9.201067615658364
2016-03-31,9.344827586206897
2016-04-01,6.37261698440208
2016-04-02,8.82441113490364
2016-04-03,9.037837837837838
2016-04-04,7.185886402753873
2016-04-05,7.9715808170515094
2016-04-06,2.9582608695652173
2016-04-07,15.772260273972602
2016-04-08,17.103918228279387
2016-04-09,12.92421052631579
2016-04-10,13.613756613756614
2016-04-11,9.005102040816327
2016-04-12,4.715044247787611
2016-04-13,4.584192439862543
2016-04-14,6.523489932885906
2016-04-15,7.444444444444445
2016-04-16,3.3447537473233404
2016-04-17,12.524647887323944
2016-04-18,10.082191780821917
2016-04-19,2.1031468531468533
2016-04-20,7.728373702422146
2016-04-21,9.169747899159663
2016-04-22,9.944162436548224
2016-04-23,1.7510460251046025
2016-04-24,4.930434782608696
2016-04-25,6.8155668358714045
2016-04-26,4.181338028169014
2016-04-27,15.204903677758319
2016-04-28,10.89419795221843
2016-04-29,11.312178387650086
2016-04-30,9.475890985324948
2016-05-01,12.35387323943662
2016-05-02,10.87085514834206
2016-05-03,5.068783068783069
2016-05-04,5.0174825174825175
2016-05-05,9.030456852791879
2016-05-06,18.61694915254237
2016-05-07,6.88981288981289
2016-05-08,7.0159010600706715
2016-05-09,9.62350936967632
2016-05-10,6.480701754385965
2016-05-11,8.258620689655173
2016-05-12,10.468697123519458
2016-05-13,15.512776831345827
2016-05-14,9.55761316872428
2016-05-15,9.790657439446367
2016-05-16,8.198641765704584
2016-05-17,5.392361111111111
2016-05-18,3.986254295532646
2016-05-19,9.336134453781513
2016-05-20,19.962774957698816
2016-05-21,6.022540983606557
2016-05-22,4.97754749568221
2016-05-23,10.536379018612521
2016-05-24,7.6545768566493955
2016-05-25,12.825862068965517
2016-05-26,21.7318718381113
2016-05-27,14.569230769230769
2016-05-28,5.258620689655173
2016-05-29,2.0345528455284554
2016-05-30,5.62962962962963
2016-05-31,11.010434782608696
2016-06-01,3.9473684210526314
2016-06-02,14.772435897435898
2016-06-03,12.347687400318978
2016-06-04,16.736346516007533
2016-06-05,18.071544715447153
2016-06-06,11.065182829888712
2016-06-07,8.261217948717949
2016-06-08,12.948387096774194
2016-06-09,13.958588957055214
2016-06-10,16.097859327217126
2016-06-11,19.346830985915492
2016-06-12,16.1525974025974
2016-06-13,24.01557632398754
2016-06-14,14.42457231726283
2016-06-15,15.215503875968992
2016-06-16,21.789312977099236
2016-06-17,17.92671755725191
2016-06-18,12.868651488616463
2016-06-19,17.802816901408452
2016-06-20,17.87730061349693
2016-06-21,17.516923076923078
2016-06-22,12.255351681957187
2016-06-23,21.0659509202454
2016-06-24,17.018237082066868
2016-06-25,11.980802792321118
2016-06-26,20.756410256410255
2016-06-27,19.172307692307694
2016-06-28,17.49921996879875
2016-06-29,19.377708978328172
2016-06-30,23.013953488372092
2016-07-01,38.28396946564885
2016-07-02,13.15090909090909
2016-07-03,5.288073394495413
2016-07-04,5.826855123674911
2016-07-05,14.942073170731707
2016-07-06,11.317629179331307
2016-07-07,14.927162367223065
2016-07-08,17.766214177978885
2016-07-09,9.128521126760564
2016-07-10,12.650769230769232
2016-07-11,10.901664145234493
2016-07-12,8.049848942598187
2016-07-13,14.464555052790347
2016-07-14,15.496217851739788
2016-07-15,13.487218045112781
2016-07-16,8.841463414634147
2016-07-17,11.852307692307692
2016-07-18,17.99083969465649
2016-07-19,13.333848531684698
2016-07-20,23.694620253164558
2016-07-21,24.10031847133758
2016-07-22,21.87323943661972
2016-07-23,14.362676056338028
2016-07-24,12.793528505392912
2016-07-25,17.557603686635943
2016-07-26,13.939628482972136
2016-07-27,11.407914764079148
2016-07-28,20.24159021406728
2016-07-29,17.733231707317074
2016-07-30,15.59965034965035
2016-07-31,25.751159196290573
2016-08-01,17.930513595166165
2016-08-02,13.974045801526717
2016-08-03,14.918181818181818
2016-08-04,13.650529500756429
2016-08-05,15.767830045523521
2016-08-06,8.424561403508772
2016-08-07,13.227906976744187
2016-08-08,38.39325842696629
2016-08-09,33.59170653907496
2016-08-10,15.529680365296803
2016-08-11,15.154654654654655
2016-08-12,18.516030534351145
2016-08-13,12.177536231884059
2016-08-14,14.960998439937597
2016-08-15,15.241691842900302
2016-08-16,13.923556942277692
2016-08-17,10.460122699386503
2016-08-18,16.7515243902439
2016-08-19,19.260336906584993
2016-08-20,24.897435897435898
2016-08-21,28.374603174603173
2016-08-22,14.693251533742332
2016-08-23,7.767857142857143
2016-08-24,5.975845410628019
2016-08-25,10.466876971608833
2016-08-26,8.518867924528301
2016-08-27,7.958823529411765
2016-08-28,24.81313131313131
2016-08-29,20.01298701298701
2016-08-30,4.5
2016-08-31,7.914049586776859
2016-09-01,12.237012987012987
2016-09-02,10.387820512820513
2016-09-03,4.1875
2016-09-04,5.145129224652088
2016-09-05,6.378737541528239
2016-09-06,4.785953177257525
2016-09-07,4.382099827882961
2016-09-08,6.882352941176471
2016-09-09,8.22165820642978
2016-09-10,3.566666666666667
2016-09-11,11.24831081081081
2016-09-12,5.2078559738134205
2016-09-13,12.320689655172414
2016-09-14,5.483050847457627
2016-09-15,10.113300492610838
2016-09-16,8.888341543513958
2016-09-17,0.9483471074380165
2016-09-18,21.149579831932773
2016-09-19,13.254934210526315
2016-09-20,7.960750853242321
2016-09-21,13.220910623946038
2016-09-22,13.445544554455445
2016-09-23,6.7848932676518885
2016-09-24,1.812889812889813
2016-09-25,17.124789207419898
2016-09-26,8.577741407528642
2016-09-27,0.9148211243611585
2016-09-28,5.7959866220735785
2016-09-29,8.427868852459016
2016-09-30,7.257377049180328
2016-10-01,1.1645833333333333
2016-10-02,13.2141652613828
2016-10-03,9.228995057660626
2016-10-04,8.815517241379311
2016-10-05,4.438127090301004
2016-10-06,6.208828522920204
2016-10-07,9.680532445923461
2016-10-08,2.7577639751552794
2016-10-09,6.519725557461406
2016-10-10,11.354575163398692
2016-10-11,7.350253807106599
2016-10-12,10.403010033444817
2016-10-13,12.800653594771243
2016-10-14,21.49337748344371
2016-10-15,8.447698744769875
2016-10-16,16.662092624356774
2016-10-17,11.502446982055465
2016-10-18,4.383838383838384
2016-10-19,5.480066445182724
2016-10-20,8.454991816693944
2016-10-21,12.445171849427169
2016-10-22,2.029045643153527
2016-10-23,16.735849056603772
2016-10-24,35.92748735244519
2016-10-25,13.982698961937716
2016-10-26,7.63743676222597
2016-10-27,11.532231404958678
2016-10-28,23.788429752066115
2016-10-29,5.331236897274633
2016-10-30,12.764811490125673
2016-10-31,6.111510791366906
2016-11-01,4.821678321678322
2016-11-02,5.627350427350428
2016-11-03,4.94342762063228
2016-11-04,4.101141924959217
2016-11-05,4.211618257261411
2016-11-06,16.936507936507937
2016-11-07,5.241796200345423
2016-11-08,0.25763358778625955
2016-11-09,4.499151103565365
2016-11-10,11.064356435643564
2016-11-11,6.856905158069884
2016-11-12,4.935416666666667
2016-11-13,4.257894736842105
2016-11-14,12.850993377483444
2016-11-15,5.607329842931938
2016-11-16,7.6818950930626055
2016-11-17,9.307565789473685
2016-11-18,9.181518151815181
2016-11-19,12.908548707753479
2016-11-20,11.859964093357272
2016-11-21,7.74645390070922
2016-11-22,7.774696707105719
2016-11-23,7.525167785234899
2016-11-24,0.7979539641943734
2016-11-25,2.480651731160896
2016-11-26,12.39864864864865
2016-11-27,17.292134831460675
2016-11-28,12.413907284768213
2016-11-29,3.4973821989528795
2016-11-30,5.920634920634921
2016-12-01,6.388984509466437
2016-12-02,14.295847750865052
2016-12-03,0.5601750547045952
2016-12-04,4.793795620437956
2016-12-05,9.717770034843205
2016-12-06,2.9151624548736463
2016-12-07,4.395759717314488
2016-12-08,11.427826086956522
2016-12-09,11.649913344887349
2016-12-10,5.698447893569845
2016-12-11,15.761552680221811
2016-12-12,13.609375
2016-12-13,5.554561717352415
2016-12-14,8.541592920353983
2016-12-15,30.045762711864406
2016-12-16,42.95681063122924
2016-12-17,46.00915750915751
2016-12-18,34.72175379426644
2016-12-19,25.71732026143791
2016-12-20,36.828150572831426
2016-12-21,63.47140381282496
2016-12-22,56.19575856443719
2016-12-23,52.969849246231156
2016-12-24,18.74947807933194
2016-12-25,10.848979591836734
2016-12-26,28.40938511326861
2016-12-27,19.902086677367578
2016-12-28,17.557536466774717
2016-12-29,10.462540716612377
2016-12-30,18.571197411003237
2016-12-31,4.858
2017-01-01,20.84055459272097
2017-01-02,31.324013157894736
2017-01-03,27.416806722689074
2017-01-04,21.086879432624112
2017-01-05,46.971326164874554
2017-01-06,21.674825174825173
2017-01-07,30.797826086956523
2017-01-08,24.690036900369005
2017-01-09,40.49911190053286
2017-01-10,20.053016453382085
2017-01-11,13.56294964028777
2017-01-12,31.09391304347826
2017-01-13,9.224525043177893
2017-01-14,11.855203619909503
2017-01-15,11.14595660749507
2017-01-16,14.391228070175439
2017-01-17,3.112115732368897
2017-01-18,11.673249551166966
2017-01-19,11.643103448275863
2017-01-20,20.094076655052266
2017-01-21,8.664444444444445
2017-01-22,64.27906976744185
2017-01-23,35.343971631205676
2017-01-24,3.672072072072072
2017-01-25,2.5921985815602837
2017-01-26,7.302083333333333
2017-01-27,6.281519861830743
2017-01-28,1.0044345898004434
2017-01-29,15.492481203007518
2017-01-30,4.43280977312391
2017-01-31,1.7036363636363636
2017-02-01,21.323843416370106
2017-02-02,13.788194444444445
2017-02-03,23.194444444444443
2017-02-04,1.1901565995525727
2017-02-05,4.604554865424431
2017-02-06,48.47176684881603
2017-02-07,14.830601092896174
2017-02-08,22.183520599250937
2017-02-09,32.72509225092251
2017-02-10,17.266323024054984
2017-02-11,3.205298013245033
2017-02-12,6.574626865671642
2017-02-13,8.51388888888889
2017-02-14,2.7059925093632957
2017-02-15,4.01063829787234
2017-02-16,9.950930626057529
2017-02-17,63.30386740331492
2017-02-18,33.54013015184382
2017-02-19,9.555984555984557
2017-02-20,36.371772805507746
2017-02-21,11.933913043478261
2017-02-22,9.728373702422145
2017-02-23,16.005
2017-02-24,14.56060606060606
2017-02-25,10.377398720682303
2017-02-26,15.146902654867256
2017-02-27,12.791878172588833
2017-02-28,7.703374777975133
2017-03-01,9.401050788091068
2017-03-02,23.199324324324323
2017-03-03,31.37751677852349
2017-03-04,13.546413502109704
2017-03-05,25.75221238938053
2017-03-06,29.835051546391753
2017-03-07,18.180385288966725
2017-03-08,15.539930555555555
2017-03-09,9.810945273631841
2017-03-10,15.555189456342669
2017-03-11,10.835699797160244
2017-03-12,34.34417808219178
2017-03-13,28.14801444043321
2017-03-14,15.528957528957529
2017-03-15,10.266553480475382
2017-03-16,11.28171334431631
2017-03-17,15.554276315789474
2017-03-18,4.838
2017-03-19,8.742372881355932
2017-03-20,12.33889816360601
2017-03-21,5.6092943201376935
2017-03-22,8.094754653130288
2017-03-23,9.949096880131362
2017-03-24,16.583056478405314
2017-03-25,3.694
2017-03-26,12.520338983050847
2017-03-27,7.836633663366337
2017-03-28,12.279310344827586
2017-03-29,4.013698630136986
2017-03-30,20.80730897009967
2017-03-31,19.75371900826446
2017-04-01,8.516064257028113
2017-04-02,13.9073756432247
2017-04-03,12.141666666666667
2017-04-04,8.404074702886248
2017-04-05,9.463793103448277
2017-04-06,40.70797962648557
2017-04-07,34.234693877551024
2017-04-08,20.411522633744855
2017-04-09,15.660409556313994
2017-04-10,9.868988391376451
2017-04-11,8.228915662650602
2017-04-12,8.254668930390492
2017-04-13,12.300826446280992
2017-04-14,5.425531914893617
2017-04-15,5.922606924643585
2017-04-16,2.2003514938488578
2017-04-17,15.47107438016529
2017-04-18,13.500860585197934
2017-04-19,8.439932318104907
2017-04-20,13.314144736842104
2017-04-21,23.01812191103789
2017-04-22,11.092213114754099
2017-04-23,15.948275862068966
2017-04-24,24.592039800995025
2017-04-25,15.49056603773585
2017-04-26,17.904273504273505
2017-04-27,31.595637583892618
2017-04-28,28.799668874172184
2017-04-29,7.939203354297694
2017-04-30,19.94982698961938
2017-05-01,17.0530679933665
2017-05-02,5.528301886792453
2017-05-03,10.933104631217839
2017-05-04,21.988333333333333
2017-05-05,35.08702791461412
2017-05-06,11.77938144329897
2017-05-07,33.92402826855124
2017-05-08,18.33884297520661
2017-05-09,20.491438356164384
2017-05-10,14.493197278911564
2017-05-11,26.249586776859505
2017-05-12,14.171052631578947
2017-05-13,18.903092783505155
2017-05-14,10.635416666666666
2017-05-15,21.13179571663921
2017-05-16,12.39041095890411
2017-05-17,22.202037351443124
2017-05-18,25.199004975124378
2017-05-19,23.48519736842105
2017-05-20,15.803245436105477
2017-05-21,28.69557823129252
2017-05-22,29.35737704918033
2017-05-23,22.703071672354948
2017-05-24,16.983221476510067
2017-05-25,41.056666666666665
2017-05-26,20.38095238095238
2017-05-27,6.626556016597511
2017-05-28,5.854651162790698
2017-05-29,10.065878378378379
2017-05-30,14.001669449081803
2017-05-31,10.843333333333334
2017-06-01,9.122349102773246
2017-06-02,12.371335504885993
2017-06-03,7.864811133200795
2017-06-04,15.671717171717171
2017-06-05,9.778135048231512
2017-06-06,14.669381107491857
2017-06-07,8.761437908496733
2017-06-08,15.952305246422894
2017-06-09,15.635930047694753
2017-06-10,5.686792452830189
2017-06-11,13.426470588235293
2017-06-12,13.78816199376947
2017-06-13,13.818037974683545
2017-06-14,16.59032258064516
2017-06-15,15.488958990536277
2017-06-16,15.7578125
2017-06-17,5.557620817843866
2017-06-18,14.549273021001616
2017-06-19,24.760904684975767
2017-06-20,16.66022544283414
2017-06-21,12.830940988835726
2017-06-22,10.774447949526813
2017-06-23,15.3515625
2017-06-24,18.00739371534196
2017-06-25,14.852988691437803
2017-06-26,6.2810047095761385
2017-06-27,10.454976303317535
2017-06-28,10.605388272583202
2017-06-29,9.109717868338558
2017-06-30,12.195275590551182
2017-07-01,20.610294117647058
2017-07-02,5.093145869947276
2017-07-03,4.048648648648649
2017-07-04,0.29357798165137616
2017-07-05,10.477419354838709
2017-07-06,4.262658227848101
2017-07-07,7.647619047619048
2017-07-08,4.9201451905626135
2017-07-09,7.4625199362041466
2017-07-10,13.949921752738653
2017-07-11,9.60501567398119
2017-07-12,16.461783439490446
2017-07-13,16.62264150943396
2017-07-14,16.1216429699842
2017-07-15,8.897810218978103
2017-07-16,7.830917874396135
2017-07-17,13.916535433070866
2017-07-18,5.014150943396227
2017-07-19,12.678178963893249
2017-07-20,11.825816485225506
2017-07-21,12.84037558685446
2017-07-22,11.471971066907775
2017-07-23,14.1328
2017-07-24,15.88646967340591
2017-07-25,12.834645669291339
2017-07-26,9.734276729559749
2017-07-27,6.863777089783282
2017-07-28,13.115625
2017-07-29,8.52346570397112
2017-07-30,10.67515923566879
2017-07-31,9.641304347826088
2017-08-01,11.78930817610063
2017-08-02,12.492730210016155
2017-08-03,20.333858267716536
2017-08-04,21.152886115444616
2017-08-05,9.095495495495495
2017-08-06,16.27373417721519
2017-08-07,16.270897832817337
2017-08-08,14.232704402515724
2017-08-09,15.47867298578199
2017-08-10,16.411490683229815
2017-08-11,14.492283950617283
2017-08-12,9.467272727272727
2017-08-13,7.017515923566879
2017-08-14,11.0265625
2017-08-15,12.447949526813881
2017-08-16,8.87793427230047
2017-08-17,11.2453125
2017-08-18,15.713178294573643
2017-08-19,8.350093109869647
2017-08-20,21.8330658105939
2017-08-21,18.865506329113924
2017-08-22,13.228525121555915
2017-08-23,10.412520064205458
2017-08-24,10.282091917591126
2017-08-25,9.664556962025317
2017-08-26,4.5392354124748495
2017-08-27,8.558020477815699
2017-08-28,4.662809917355372
2017-08-29,5.542517006802721
2017-08-30,4.241146711635751
2017-08-31,13.724590163934426
2017-09-01,6.977124183006536
2017-09-02,0.23655913978494625
2017-09-03,3.492957746478873
2017-09-04,5.018211920529802
2017-09-05,5.618150684931507
2017-09-06,3.9571428571428573
2017-09-07,7.815331010452962
2017-09-08,16.823214285714286
2017-09-09,1.0562770562770563
2017-09-10,1.6782608695652175
2017-09-11,1.682842287694974
2017-09-12,1.9806338028169015
2017-09-13,6.103448275862069
2017-09-14,12.207177814029365
2017-09-15,4.913821138211382
2017-09-16,0.12653061224489795
2017-09-17,8.81198003327787
2017-09-18,12.224755700325733
2017-09-19,9.039655172413793
2017-09-20,6.01358234295416
2017-09-21,7.52435064935065
2017-09-22,3.6838709677419357
2017-09-23,-2.7221095334685597
2017-09-24,4.735537190082645
2017-09-25,3.573717948717949
2017-09-26,-0.8085470085470086
2017-09-27,0.5799319727891157
2017-09-28,2.6575121163166395
2017-09-29,9.181229773462784
2017-09-30,-0.11363636363636363
2017-10-01,2.006644518272425
2017-10-02,3.4065040650406506
2017-10-03,1.9813242784380305
2017-10-04,1.6610738255033557
2017-10-05,6.608346709470305
2017-10-06,7.951534733441034
2017-10-07,2.678714859437751
2017-10-08,8.063333333333333
2017-10-09,17.09516129032258
2017-10-10,3.3846153846153846
2017-10-11,14.720268006700168
2017-10-12,15.957860615883307
2017-10-13,14.410130718954248
2017-10-14,6.926
2017-10-15,8.947194719471947
2017-10-16,3.759349593495935
2017-10-17,6.35016835016835
2017-10-18,7.569282136894825
2017-10-19,14.950900163666121
2017-10-20,11.096930533117932
2017-10-21,1.4940239043824701
2017-10-22,7.6694078947368425
2017-10-23,4.7061688311688314
2017-10-24,8.281090289608176
2017-10-25,5.4190800681431
2017-10-26,8.881107491856678
2017-10-27,8.68729641693811
2017-10-28,13.73939393939394
2017-10-29,12.922813036020584
2017-10-30,5.304421768707483
2017-10-31,0.41589648798521256
2017-11-01,2.111111111111111
2017-11-02,5.264900662251655
2017-11-03,18.833613445378152
2017-11-04,5.402464065708419
2017-11-05,13.512820512820513
2017-11-06,9.350993377483444
2017-11-07,4.897526501766785
2017-11-08,2.4567474048442905
2017-11-09,6.202321724709784
2017-11-10,6.66996699669967
2017-11-11,0.7966101694915254
2017-11-12,5.82793867120954
2017-11-13,4.574503311258278
2017-11-14,0.7430555555555556
2017-11-15,4.2578397212543555
2017-11-16,7.960264900662252
2017-11-17,6.988294314381271
2017-11-18,3.9559118236472948
2017-11-19,7.180357142857143
2017-11-20,4.822064056939502
2017-11-21,4.60931899641577
2017-11-22,0.6399317406143344
2017-11-23,3.2325
2017-11-24,-1.6556016597510372
2017-11-25,3.1846689895470384
2017-11-26,15.527868852459017
2017-11-27,5.681518151815181
2017-11-28,0.19572953736654805
2017-11-29,-0.26618705035971224
2017-11-30,2.7869415807560136
2017-12-01,3.3310463121783878
2017-12-02,-2.6916299559471364
2017-12-03,4.355992844364938
2017-12-04,3.245250431778929
2017-12-05,0.09124087591240876
2017-12-06,-1.4205776173285198
2017-12-07,2.2613240418118465
2017-12-08,9.840070298769772
2017-12-09,2.922222222222222
2017-12-10,5.03921568627451
2017-12-11,3.9622641509433962
2017-12-12,1.1794871794871795
2017-12-13,0.8522522522522522
2017-12-14,3.193103448275862
2017-12-15,6.34
2017-12-16,3.8174273858921164
2017-12-17,9.016187050359711
2017-12-18,3.6884422110552766
2017-12-19,10.674616695059624
2017-12-20,15.173333333333334
2017-12-21,13.952998379254456
2017-12-22,7.9696485623003195
2017-12-23,14.709565217391305
2017-12-24,12.96911196911197
2017-12-25,17.729433272394882
2017-12-26,14.030254777070065
2017-12-27,13.019354838709678
2017-12-28,7.078048780487805
2017-12-29,12.762135922330097
2017-12-30,11.937608318890815
2017-12-31,13.7134724857685
2018-01-01,16.289297658862875
2018-01-02,15.177884615384615
2018-01-03,5.946488294314381
2018-01-04,7.207956600361664
2018-01-05,17.147899159663865
2018-01-06,7.808300395256917
2018-01-07,11.956810631229235
2018-01-08,16.51510067114094
2018-01-09,14.693140794223826
2018-01-10,6.850352112676056
2018-01-11,5.841836734693878
2018-01-12,17.62857142857143
2018-01-13,2.227272727272727
2018-01-14,1.326454033771107
2018-01-15,6.505942275042445
2018-01-16,5.593806921675774
2018-01-17,5.703900709219858
2018-01-18,3.6712095400340714
2018-01-19,7.8903878583473865
2018-01-20,0.3634408602150538
2018-01-21,6.359855334538879
2018-01-22,-0.7893835616438356
2018-01-23,0.33213644524236985
2018-01-24,3.1072056239015815
2018-01-25,0.6323777403035413
2018-01-26,-0.34615384615384615
2018-01-27,2.323974082073434
2018-01-28,1.1618705035971224
2018-01-29,-1.897133220910624
2018-01-30,-1.82078853046595
2018-01-31,0.9404553415061296
2018-02-01,4.155668358714044
2018-02-02,3.0415973377703827
2018-02-03,-1.2203023758099352
2018-02-04,1.115009746588694
2018-02-05,8.190068493150685
2018-02-06,-0.8042704626334519
2018-02-07,4.007017543859649
2018-02-08,0.24232081911262798
2018-02-09,20.05821917808219
2018-02-10,7.842105263157895
2018-02-11,8.231046931407942
2018-02-12,5.187817258883249
2018-02-13,1.7825311942959001
2018-02-14,3.62803738317757
2018-02-15,10.896039603960396
2018-02-16,12.061290322580644
2018-02-17,6.826530612244898
2018-02-18,3.061818181818182
2018-02-19,15.085667215815485
2018-02-20,13.13109243697479
2018-02-21,8.483443708609272
2018-02-22,11.694174757281553
2018-02-23,9.109854604200324
2018-02-24,5.885311871227364
2018-02-25,8.2
2018-02-26,10.99510603588907
2018-02-27,4.813559322033898
2018-02-28,10.081125827814569
2018-03-01,15.763245033112582
2018-03-02,22.790017211703958
2018-03-03,13.222903885480573
2018-03-04,9.613913043478261
2018-03-05,9.465573770491803
2018-03-06,4.706375838926174
2018-03-07,4.684931506849315
2018-03-08,6.120521172638436
2018-03-09,11.153225806451612
2018-03-10,9.667946257197697
2018-03-11,14.095867768595042
2018-03-12,13.515702479338843
2018-03-13,9.042444821731749
2018-03-14,16.504950495049506
2018-03-15,14.661290322580646
2018-03-16,17.676898222940228
2018-03-17,5.4689922480620154
2018-03-18,7.248355263157895
2018-03-19,7.270358306188925
2018-03-20,12.678082191780822
2018-03-21,19.75971731448763
2018-03-22,45.917081260364846
2018-03-23,14.528938906752412
2018-03-24,9.911196911196912
2018-03-25,8.414355628058727
2018-03-26,9.784440842787681
2018-03-27,7.299159663865546
2018-03-28,10.0182119205298
2018-03-29,9.54457050243112
2018-03-30,13.135483870967741
2018-03-31,7.699410609037328
2018-04-01,10.191347753743761
2018-04-02,10.329545454545455
2018-04-03,9.058922558922559
2018-04-04,11.814691151919867
2018-04-05,5.651050080775445
2018-04-06,12.412724306688418
2018-04-07,6.353965183752417
2018-04-08,8.677524429967427
2018-04-09,8.0288
2018-04-10,4.203020134228188
2018-04-11,3.957377049180328
2018-04-12,7.431061806656102
2018-04-13,8.764984227129338
2018-04-14,6.411650485436893
2018-04-15,18.338788870703766
2018-04-16,26.449367088607595
2018-04-17,11.198305084745762
2018-04-18,5.4118616144975284
2018-04-19,9.567353407290016
2018-04-20,7.421383647798742
2018-04-21,7.896749521988528
2018-04-22,9.328025477707007
2018-04-23,8.946031746031746
2018-04-24,7.991467576791809
2018-04-25,8.197986577181208
2018-04-26,8.300632911392405
2018-04-27,7.492957746478873
2018-04-28,0.6174242424242424
2018-04-29,9.48407643312102
2018-04-30,6.202830188679245
2018-05-01,1.6414141414141414
2018-05-02,4.083194675540765
2018-05-03,14.958795562599049
2018-05-04,9.472527472527473
2018-05-05,2.7448015122873346
2018-05-06,11.8258785942492
2018-05-07,3.91283676703645
2018-05-08,3.3372093023255816
2018-05-09,9.303571428571429
2018-05-10,7.238924050632911
2018-05-11,8.9625
2018-05-12,2.8869731800766285
2018-05-13,4.357259380097879
2018-05-14,11.626794258373206
2018-05-15,9.535893155258764
2018-05-16,9.071778140293638
2018-05-17,9.921507064364206
2018-05-18,13.45125786163522
2018-05-19,5.368620037807183
2018-05-20,17.31050955414013
2018-05-21,14.984375
2018-05-22,7.830870279146141
2018-05-23,8.9776
2018-05-24,10.7265625
2018-05-25,8.671850699844478
2018-05-26,4.809980806142034
2018-05-27,0.5948905109489051
2018-05-28,6.717041800643087
2018-05-29,5.371753246753247
2018-05-30,12.00487012987013
2018-05-31,12.314465408805031
2018-06-01,5.858934169278997
2018-06-02,5.5803402646502835
2018-06-03,10.192125984251968
2018-06-04,7.435658914728682
2018-06-05,2.3629032258064515
2018-06-06,4.175824175824176
2018-06-07,7.722727272727273
2018-06-08,7.6923076923076925
2018-06-09,8.616197183098592
2018-06-10,12.100308641975309
2018-06-11,7.035982008995502
2018-06-12,6.472727272727273
2018-06-13,9.113323124042878
2018-06-14,4.938530734632684
2018-06-15,10.994020926756352
2018-06-16,5.157068062827225
2018-06-17,9.476923076923077
2018-06-18,7.879699248120301
2018-06-19,11.182380216383308
2018-06-20,9.435975609756097
2018-06-21,10.06980273141123
2018-06-22,9.369924812030074
2018-06-23,6.873462214411248
2018-06-24,12.00920245398773
2018-06-25,13.936651583710407
2018-06-26,8.40677966101695
2018-06-27,6.0592705167173255
2018-06-28,8.677811550151976
2018-06-29,7.357784431137724
2018-06-30,5.866782006920415
2018-07-01,4.636363636363637
2018-07-02,3.988853503184713
2018-07-03,8.032534246575343
2018-07-04,2.1134751773049647
2018-07-05,6.327503974562798
2018-07-06,6.923444976076555
2018-07-07,7.019163763066202
2018-07-08,6.0
2018-07-09,10.152466367713005
2018-07-10,8.951367781155016
2018-07-11,6.435045317220544
2018-07-12,8.403348554033485
2018-07-13,4.625377643504532
2018-07-14,4.147368421052631
2018-07-15,12.077639751552795
2018-07-16,7.127627627627628
2018-07-17,15.486902927580894
2018-07-18,5.751515151515152
2018-07-19,9.802098950524737
2018-07-20,13.560422960725075
2018-07-21,9.266550522648084
2018-07-22,13.953125
2018-07-23,20.676829268292682
2018-07-24,12.192901234567902
2018-07-25,13.832072617246595
2018-07-26,11.639939485627837
2018-07-27,12.465960665658093
2018-07-28,14.07029876977153
2018-07-29,17.265432098765434
2018-07-30,11.67313432835821
2018-07-31,12.203389830508474
2018-08-01,10.136570561456752
2018-08-02,16.847560975609756
2018-08-03,19.062310030395135
2018-08-04,10.224347826086957
2018-08-05,9.140215716486903
2018-08-06,8.58955223880597
2018-08-07,12.767584097859327
2018-08-08,21.02619414483821
2018-08-09,13.071748878923767
2018-08-10,9.226865671641791
2018-08-11,13.835125448028673
2018-08-12,11.4421875
2018-08-13,14.937125748502995
2018-08-14,17.626356589147285
2018-08-15,12.519142419601838
2018-08-16,10.591251885369532
2018-08-17,9.8234398782344
2018-08-18,7.14936247723133
2018-08-19,12.725429017160687
2018-08-20,9.580547112462007
2018-08-21,10.31321370309951
2018-08-22,5.221508828250402
2018-08-23,6.214849921011059
2018-08-24,9.366929133858267
2018-08-25,2.574144486692015
2018-08-26,2.873990306946688
2018-08-27,6.515007898894154
2018-08-28,4.692691029900332
2018-08-29,2.300324675324675
2018-08-30,4.603149606299213
2018-08-31,8.253543307086614
2018-09-01,6.33264887063655
2018-09-02,0.222011385199241
2018-09-03,6.665032679738562
2018-09-04,3.5542372881355933
2018-09-05,2.4507512520868113
2018-09-06,2.1473509933774833
2018-09-07,3.1766666666666667
2018-09-08,-0.15354330708661418
2018-09-09,3.057660626029654
2018-09-10,2.778675282714055
2018-09-11,0.6068376068376068
2018-09-12,0.9653465346534653
2018-09-13,1.3632075471698113
2018-09-14,4.243670886075949
2018-09-15,-0.34307992202729043
2018-09-16,6.235099337748345
2018-09-17,5.63317384370016
2018-09-18,2.18135593220339
2018-09-19,2.2796052631578947
2018-09-20,8.6513470681458
2018-09-21,8.33816425120773
2018-09-22,4.451866404715128
2018-09-23,8.61311475409836
2018-09-24,4.2656
2018-09-25,3.7550675675675675
2018-09-26,6.83993399339934
2018-09-27,5.993630573248407
2018-09-28,6.851910828025478
2018-09-29,8.017751479289942
2018-09-30,5.386776859504132
2018-10-01,5.876602564102564
2018-10-02,1.305084745762712
2018-10-03,3.8118811881188117
2018-10-04,5.151898734177215
2018-10-05,4.520504731861199
2018-10-06,4.149700598802395
2018-10-07,5.598006644518272
2018-10-08,6.6618589743589745
2018-10-09,4.4623115577889445
2018-10-10,4.377668308702791
2018-10-11,12.924920127795527
2018-10-12,15.065079365079365
2018-10-13,10.621031746031745
2018-10-14,10.177049180327868
2018-10-15,20.10207336523126
2018-10-16,3.132013201320132
2018-10-17,4.146341463414634
2018-10-18,6.408874801901743
2018-10-19,13.427662957074721
2018-10-20,4.241035856573705
2018-10-21,7.210963455149502
2018-10-22,6.886217948717949
2018-10-23,6.750830564784053
2018-10-24,2.042483660130719
2018-10-25,5.23696682464455
2018-10-26,9.891679748822606
2018-10-27,9.03448275862069
2018-10-28,13.208261617900172
2018-10-29,10.840677966101694
2018-10-30,4.755834829443447
2018-10-31,0.5668662674650699
2018-11-01,5.713810316139767
2018-11-02,5.201986754966887
2018-11-03,1.8390342052313884
2018-11-04,2.033500837520938
2018-11-05,4.4504950495049505
2018-11-06,4.164075993091537
2018-11-07,4.656410256410257
2018-11-08,6.6245901639344265
2018-11-09,15.526058631921824
2018-11-10,4.768762677484787
2018-11-11,8.632107023411372
2018-11-12,2.9020866773675764
2018-11-13,2.6857142857142855
2018-11-14,5.6610738255033555
2018-11-15,17.444805194805195
2018-11-16,19.01451612903226
2018-11-17,11.291115311909262
2018-11-18,6.464837049742711
2018-11-19,3.4716981132075473
2018-11-20,9.69767441860465
2018-11-21,13.806451612903226
2018-11-22,1.53125
2018-11-23,0.4260355029585799
2018-11-24,7.973109243697479
2018-11-25,11.7223113964687
2018-11-26,16.7
2018-11-27,6.144053601340033
2018-11-28,2.1015761821366024
2018-11-29,23.92542372881356
2018-11-30,2.797658862876254
2018-12-01,2.9511677282377917
2018-12-02,3.727272727272727
2018-12-03,2.0340715502555367
2018-12-04,2.804659498207885
2018-12-05,8.540394973070018
2018-12-06,30.45484949832776
2018-12-07,6.475083056478406
2018-12-08,0.26963906581740976
2018-12-09,4.752631578947368
2018-12-10,4.737732656514383
2018-12-11,2.7464285714285714
2018-12-12,0.36777583187390545
2018-12-13,3.54228855721393
2018-12-14,9.26968174204355
2018-12-15,5.273109243697479
2018-12-16,9.971428571428572
2018-12-17,5.57672849915683
2018-12-18,4.341549295774648
2018-12-19,6.996875
2018-12-20,13.499217527386541
2018-12-21,19.41331269349845
2018-12-22,9.62684124386252
2018-12-23,7.656967840735069
2018-12-24,7.885245901639344
2018-12-25,5.043087971274685
2018-12-26,9.203389830508474
2018-12-27,20.946153846153845
2018-12-28,15.190548780487806
2018-12-29,10.08688524590164
2018-12-30,8.20923076923077
2018-12-31,7.120287253141831
2019-04-01,10.630732443998651
2019-04-01,10.630732443998651
2019-04-01,10.630732443998651
2019-04-01,10.630732443998651
2019-04-01,10.630732443998651
2019-04-01,10.630732443998651
2019-04-01,10.630732443998651
2019-04-01,10.630732443998651
2019-04-01,10.630732443998651
2019-04-01,10.630732443998651
2019-04-01,10.630732443998651
2019-04-01,10.630732443998651
2019-04-01,10.630732443998651
2019-04-01,10.630732443998651
2019-04-01,10.630732443998651
2019-04-01,10.630732443998651
2019-04-01,10.630732443998651
2019-04-01,10.630732443998651
2019-04-01,10.630732443998651
2019-04-01,10.630732443998651
2019-04-01,10.630732443998651
2019-04-01,10.630732443998651
2019-04-01,10.630732443998651
2019-04-01,10.630732443998651
2019-04-01,10.630732443998651
2019-04-01,10.630732443998651
2019-04-01,10.630732443998651
2019-04-01,10.630732443998651
2019-04-01,10.630732443998651
2019-04-01,10.630732443998651
2019-04-01,10.630732443998651
2019-04-01,10.630732443998651
2019-04-01,10.630732443998651
2019-04-01,10.630732443998651
2019-04-01,10.630732443998651
2019-04-01,10.630732443998651
2019-04-01,10.630732443998651
2019-04-01,10.630732443998651
2019-04-01,10.630732443998651
2019-04-01,10.630732443998651
2019-04-01,10.630732443998651
2019-04-01,10.630732443998651
2019-04-01,10.630732443998651
2019-04-01,10.630732443998651
2019-04-01,10.630732443998651
2019-04-01,10.630732443998651
2019-04-01,10.630732443998651
2019-04-01,10.630732443998651
2019-04-01,10.630732443998651
2019-04-01,10.630732443998651
2019-04-01,10.630732443998651
2019-04-01,10.630732443998651
2019-04-01,10.630732443998651
2019-04-01,10.630732443998651
2019-04-01,10.630732443998651
2019-04-01,10.630732443998651
2019-04-01,10.630732443998651
2019-04-01,10.630732443998651
2019-04-01,10.630732443998651
2019-04-01,10.630732443998651
2019-04-01,10.630732443998651
2019-04-01,10.630732443998651
2019-04-01,10.630732443998651
2019-04-01,10.630732443998651
2019-04-01,10.630732443998651
2019-04-01,10.630732443998651
2019-04-01,10.630732443998651
2019-04-01,10.630732443998651
2019-04-01,10.630732443998651
2019-04-01,10.630732443998651
2019-04-01,10.630732443998651
2019-04-01,10.630732443998651
2019-04-01,10.630732443998651
2019-04-01,10.630732443998651
2019-04-01,10.630732443998651
2019-04-01,10.630732443998651
2019-04-01,10.630732443998651
2019-04-01,10.630732443998651
2019-04-01,10.630732443998651
2019-04-01,10.630732443998651
2019-04-01,10.630732443998651
2019-04-01,10.630732443998651
2019-04-01,10.630732443998651
2019-04-01,10.630732443998651
2019-04-01,10.630732443998651
2019-04-01,10.630732443998651
2019-04-01,10.630732443998651
2019-04-01,10.630732443998651
2019-04-01,10.630732443998651
2019-04-01,10.630732443998651
