,index,FL_DATE,DEP_DELAY
0,0,2016-01-01,9.163461538461538
1,1,2016-01-02,12.969750889679716
2,2,2016-01-03,23.267006802721088
3,3,2016-01-04,17.030252100840336
4,4,2016-01-05,27.39147286821705
5,5,2016-01-06,39.877906976744185
6,6,2016-01-07,9.79417122040073
7,7,2016-01-08,7.231464737793852
8,8,2016-01-09,6.045146726862303
9,9,2016-01-10,9.801587301587302
10,10,2016-01-11,8.098360655737705
11,11,2016-01-12,1.0534351145038168
12,12,2016-01-13,5.916201117318436
13,13,2016-01-14,9.594545454545454
14,14,2016-01-15,8.952641165755919
15,15,2016-01-16,10.17169373549884
16,16,2016-01-17,4.86875
17,17,2016-01-18,8.783882783882785
18,18,2016-01-19,6.95
19,19,2016-01-20,4.277153558052435
20,20,2016-01-21,4.582577132486389
21,21,2016-01-22,13.598802395209582
22,22,2016-01-23,6.201044386422977
23,23,2016-01-24,9.67167381974249
24,24,2016-01-25,5.727611940298507
25,25,2016-01-26,0.7567567567567568
26,26,2016-01-27,-0.1299435028248587
27,27,2016-01-28,2.210526315789474
28,28,2016-01-29,7.175724637681159
29,29,2016-01-30,5.498845265588915
30,30,2016-01-31,19.9402390438247
31,31,2016-02-01,2.966292134831461
32,32,2016-02-02,4.58235294117647
33,33,2016-02-03,5.308988764044944
34,34,2016-02-04,5.111913357400722
35,35,2016-02-05,11.518987341772153
36,36,2016-02-06,0.5105386416861827
37,37,2016-02-07,0.6416309012875536
38,38,2016-02-08,4.7150735294117645
39,39,2016-02-09,7.440313111545988
40,40,2016-02-10,5.551401869158879
41,41,2016-02-11,5.051601423487544
42,42,2016-02-12,3.7035087719298247
43,43,2016-02-13,9.810502283105023
44,44,2016-02-14,10.420833333333333
45,45,2016-02-15,12.40036231884058
46,46,2016-02-16,8.475285171102662
47,47,2016-02-17,13.238888888888887
48,48,2016-02-18,14.987455197132617
49,49,2016-02-19,18.32155477031802
50,50,2016-02-20,6.255555555555556
51,51,2016-02-21,4.889097744360902
52,52,2016-02-22,4.776785714285714
53,53,2016-02-23,5.067542213883677
54,54,2016-02-24,9.566355140186916
55,55,2016-02-25,5.371681415929204
56,56,2016-02-26,3.69055944055944
57,57,2016-02-27,21.18888888888889
58,58,2016-02-28,4.385767790262173
59,59,2016-02-29,9.373665480427048
60,60,2016-03-01,4.325187969924812
61,61,2016-03-02,7.776363636363636
62,62,2016-03-03,7.86411149825784
63,63,2016-03-04,14.438898450946644
64,64,2016-03-05,8.33763440860215
65,65,2016-03-06,14.204044117647058
66,66,2016-03-07,16.728571428571428
67,67,2016-03-08,8.279112754158964
68,68,2016-03-09,8.666666666666666
69,69,2016-03-10,21.384347826086955
70,70,2016-03-11,24.6213921901528
71,71,2016-03-12,11.949895615866389
72,72,2016-03-13,17.490018148820326
73,73,2016-03-14,13.691768826619963
74,74,2016-03-15,5.692870201096892
75,75,2016-03-16,5.798573975044564
76,76,2016-03-17,7.715017064846417
77,77,2016-03-18,14.286926994906622
78,78,2016-03-19,6.700623700623701
79,79,2016-03-20,8.678507992895204
80,80,2016-03-21,14.972270363951472
81,81,2016-03-22,8.675774134790528
82,82,2016-03-23,9.75
83,83,2016-03-24,13.7560553633218
84,84,2016-03-25,11.077054794520548
85,85,2016-03-26,8.950310559006212
86,86,2016-03-27,11.362989323843417
87,87,2016-03-28,13.484429065743944
88,88,2016-03-29,7.597096188747732
89,89,2016-03-30,9.201067615658364
90,90,2016-03-31,9.344827586206897
91,91,2016-04-01,6.37261698440208
92,92,2016-04-02,8.82441113490364
93,93,2016-04-03,9.037837837837838
94,94,2016-04-04,7.185886402753873
95,95,2016-04-05,7.971580817051509
96,96,2016-04-06,2.9582608695652173
97,97,2016-04-07,15.772260273972602
98,98,2016-04-08,17.103918228279387
99,99,2016-04-09,12.92421052631579
100,100,2016-04-10,13.613756613756614
101,101,2016-04-11,9.005102040816327
102,102,2016-04-12,4.715044247787611
103,103,2016-04-13,4.584192439862543
104,104,2016-04-14,6.523489932885906
105,105,2016-04-15,7.444444444444445
106,106,2016-04-16,3.3447537473233404
107,107,2016-04-17,12.524647887323944
108,108,2016-04-18,10.082191780821915
109,109,2016-04-19,2.1031468531468533
110,110,2016-04-20,7.728373702422146
111,111,2016-04-21,9.169747899159663
112,112,2016-04-22,9.944162436548224
113,113,2016-04-23,1.7510460251046025
114,114,2016-04-24,4.930434782608696
115,115,2016-04-25,6.8155668358714045
116,116,2016-04-26,4.181338028169014
117,117,2016-04-27,15.20490367775832
118,118,2016-04-28,10.89419795221843
119,119,2016-04-29,11.312178387650086
120,120,2016-04-30,9.475890985324948
121,121,2016-05-01,12.35387323943662
122,122,2016-05-02,10.87085514834206
123,123,2016-05-03,5.068783068783069
124,124,2016-05-04,5.0174825174825175
125,125,2016-05-05,9.03045685279188
126,126,2016-05-06,18.61694915254237
127,127,2016-05-07,6.88981288981289
128,128,2016-05-08,7.015901060070672
129,129,2016-05-09,9.62350936967632
130,130,2016-05-10,6.480701754385965
131,131,2016-05-11,8.258620689655173
132,132,2016-05-12,10.468697123519458
133,133,2016-05-13,15.512776831345828
134,134,2016-05-14,9.55761316872428
135,135,2016-05-15,9.790657439446369
136,136,2016-05-16,8.198641765704584
137,137,2016-05-17,5.392361111111111
138,138,2016-05-18,3.986254295532646
139,139,2016-05-19,9.336134453781511
140,140,2016-05-20,19.962774957698816
141,141,2016-05-21,6.022540983606557
142,142,2016-05-22,4.97754749568221
143,143,2016-05-23,10.53637901861252
144,144,2016-05-24,7.6545768566493955
145,145,2016-05-25,12.825862068965517
146,146,2016-05-26,21.7318718381113
147,147,2016-05-27,14.569230769230767
148,148,2016-05-28,5.258620689655173
149,149,2016-05-29,2.0345528455284554
150,150,2016-05-30,5.62962962962963
151,151,2016-05-31,11.010434782608696
152,152,2016-06-01,3.947368421052632
153,153,2016-06-02,14.772435897435898
154,154,2016-06-03,12.347687400318978
155,155,2016-06-04,16.736346516007533
156,156,2016-06-05,18.071544715447157
157,157,2016-06-06,11.065182829888712
158,158,2016-06-07,8.261217948717949
159,159,2016-06-08,12.948387096774194
160,160,2016-06-09,13.958588957055214
161,161,2016-06-10,16.097859327217126
162,162,2016-06-11,19.34683098591549
163,163,2016-06-12,16.1525974025974
164,164,2016-06-13,24.01557632398754
165,165,2016-06-14,14.42457231726283
166,166,2016-06-15,15.215503875968992
167,167,2016-06-16,21.78931297709924
168,168,2016-06-17,17.92671755725191
169,169,2016-06-18,12.868651488616464
170,170,2016-06-19,17.802816901408452
171,171,2016-06-20,17.87730061349693
172,172,2016-06-21,17.516923076923078
173,173,2016-06-22,12.255351681957189
174,174,2016-06-23,21.0659509202454
175,175,2016-06-24,17.018237082066868
176,176,2016-06-25,11.980802792321118
177,177,2016-06-26,20.756410256410252
178,178,2016-06-27,19.17230769230769
179,179,2016-06-28,17.49921996879875
180,180,2016-06-29,19.37770897832817
181,181,2016-06-30,23.01395348837209
182,182,2016-07-01,38.28396946564885
183,183,2016-07-02,13.15090909090909
184,184,2016-07-03,5.288073394495413
185,185,2016-07-04,5.826855123674911
186,186,2016-07-05,14.942073170731708
187,187,2016-07-06,11.317629179331307
188,188,2016-07-07,14.927162367223064
189,189,2016-07-08,17.766214177978885
190,190,2016-07-09,9.128521126760564
191,191,2016-07-10,12.650769230769232
192,192,2016-07-11,10.901664145234491
193,193,2016-07-12,8.049848942598187
194,194,2016-07-13,14.464555052790349
195,195,2016-07-14,15.496217851739788
196,196,2016-07-15,13.48721804511278
197,197,2016-07-16,8.841463414634147
198,198,2016-07-17,11.852307692307692
199,199,2016-07-18,17.99083969465649
200,200,2016-07-19,13.333848531684698
201,201,2016-07-20,23.69462025316456
202,202,2016-07-21,24.10031847133758
203,203,2016-07-22,21.87323943661972
204,204,2016-07-23,14.362676056338028
205,205,2016-07-24,12.793528505392912
206,206,2016-07-25,17.557603686635943
207,207,2016-07-26,13.939628482972136
208,208,2016-07-27,11.407914764079148
209,209,2016-07-28,20.24159021406728
210,210,2016-07-29,17.733231707317074
211,211,2016-07-30,15.59965034965035
212,212,2016-07-31,25.751159196290573
213,213,2016-08-01,17.930513595166165
214,214,2016-08-02,13.974045801526715
215,215,2016-08-03,14.918181818181818
216,216,2016-08-04,13.650529500756427
217,217,2016-08-05,15.76783004552352
218,218,2016-08-06,8.424561403508772
219,219,2016-08-07,13.227906976744189
220,220,2016-08-08,38.39325842696629
221,221,2016-08-09,33.59170653907496
222,222,2016-08-10,15.529680365296803
223,223,2016-08-11,15.154654654654657
224,224,2016-08-12,18.516030534351145
225,225,2016-08-13,12.17753623188406
226,226,2016-08-14,14.960998439937596
227,227,2016-08-15,15.241691842900302
228,228,2016-08-16,13.923556942277692
229,229,2016-08-17,10.460122699386504
230,230,2016-08-18,16.7515243902439
231,231,2016-08-19,19.260336906584996
232,232,2016-08-20,24.897435897435894
233,233,2016-08-21,28.374603174603173
234,234,2016-08-22,14.693251533742332
235,235,2016-08-23,7.767857142857143
236,236,2016-08-24,5.975845410628019
237,237,2016-08-25,10.466876971608832
238,238,2016-08-26,8.518867924528301
239,239,2016-08-27,7.958823529411765
240,240,2016-08-28,24.81313131313131
241,241,2016-08-29,20.01298701298701
242,242,2016-08-30,4.5
243,243,2016-08-31,7.914049586776859
244,244,2016-09-01,12.237012987012989
245,245,2016-09-02,10.387820512820513
246,246,2016-09-03,4.1875
247,247,2016-09-04,5.145129224652088
248,248,2016-09-05,6.378737541528239
249,249,2016-09-06,4.785953177257525
250,250,2016-09-07,4.382099827882961
251,251,2016-09-08,6.882352941176471
252,252,2016-09-09,8.22165820642978
253,253,2016-09-10,3.566666666666667
254,254,2016-09-11,11.24831081081081
255,255,2016-09-12,5.2078559738134205
256,256,2016-09-13,12.320689655172414
257,257,2016-09-14,5.483050847457627
258,258,2016-09-15,10.113300492610838
259,259,2016-09-16,8.888341543513958
260,260,2016-09-17,0.9483471074380164
261,261,2016-09-18,21.149579831932773
262,262,2016-09-19,13.254934210526317
263,263,2016-09-20,7.960750853242321
264,264,2016-09-21,13.220910623946038
265,265,2016-09-22,13.445544554455443
266,266,2016-09-23,6.7848932676518885
267,267,2016-09-24,1.812889812889813
268,268,2016-09-25,17.124789207419898
269,269,2016-09-26,8.577741407528642
270,270,2016-09-27,0.9148211243611584
271,271,2016-09-28,5.7959866220735785
272,272,2016-09-29,8.427868852459016
273,273,2016-09-30,7.257377049180328
274,274,2016-10-01,1.1645833333333333
275,275,2016-10-02,13.2141652613828
276,276,2016-10-03,9.228995057660626
277,277,2016-10-04,8.815517241379311
278,278,2016-10-05,4.438127090301004
279,279,2016-10-06,6.208828522920204
280,280,2016-10-07,9.68053244592346
281,281,2016-10-08,2.7577639751552794
282,282,2016-10-09,6.519725557461406
283,283,2016-10-10,11.354575163398692
284,284,2016-10-11,7.350253807106599
285,285,2016-10-12,10.403010033444817
286,286,2016-10-13,12.800653594771244
287,287,2016-10-14,21.49337748344371
288,288,2016-10-15,8.447698744769875
289,289,2016-10-16,16.662092624356774
290,290,2016-10-17,11.502446982055464
291,291,2016-10-18,4.383838383838384
292,292,2016-10-19,5.480066445182724
293,293,2016-10-20,8.454991816693944
294,294,2016-10-21,12.445171849427169
295,295,2016-10-22,2.029045643153527
296,296,2016-10-23,16.735849056603772
297,297,2016-10-24,35.92748735244519
298,298,2016-10-25,13.982698961937716
299,299,2016-10-26,7.63743676222597
300,300,2016-10-27,11.532231404958678
301,301,2016-10-28,23.788429752066115
302,302,2016-10-29,5.331236897274633
303,303,2016-10-30,12.764811490125672
304,304,2016-10-31,6.111510791366906
305,305,2016-11-01,4.821678321678322
306,306,2016-11-02,5.627350427350428
307,307,2016-11-03,4.94342762063228
308,308,2016-11-04,4.101141924959217
309,309,2016-11-05,4.211618257261411
310,310,2016-11-06,16.936507936507937
311,311,2016-11-07,5.241796200345423
312,312,2016-11-08,0.2576335877862595
313,313,2016-11-09,4.499151103565365
314,314,2016-11-10,11.064356435643564
315,315,2016-11-11,6.856905158069884
316,316,2016-11-12,4.935416666666667
317,317,2016-11-13,4.257894736842105
318,318,2016-11-14,12.850993377483444
319,319,2016-11-15,5.607329842931938
320,320,2016-11-16,7.681895093062605
321,321,2016-11-17,9.307565789473683
322,322,2016-11-18,9.18151815181518
323,323,2016-11-19,12.90854870775348
324,324,2016-11-20,11.859964093357272
325,325,2016-11-21,7.74645390070922
326,326,2016-11-22,7.774696707105719
327,327,2016-11-23,7.525167785234899
328,328,2016-11-24,0.7979539641943734
329,329,2016-11-25,2.480651731160896
330,330,2016-11-26,12.39864864864865
331,331,2016-11-27,17.292134831460675
332,332,2016-11-28,12.413907284768213
333,333,2016-11-29,3.4973821989528795
334,334,2016-11-30,5.920634920634921
335,335,2016-12-01,6.388984509466437
336,336,2016-12-02,14.295847750865052
337,337,2016-12-03,0.5601750547045952
338,338,2016-12-04,4.793795620437956
339,339,2016-12-05,9.717770034843204
340,340,2016-12-06,2.9151624548736463
341,341,2016-12-07,4.395759717314488
342,342,2016-12-08,11.427826086956522
343,343,2016-12-09,11.649913344887349
344,344,2016-12-10,5.698447893569845
345,345,2016-12-11,15.761552680221811
346,346,2016-12-12,13.609375
347,347,2016-12-13,5.554561717352415
348,348,2016-12-14,8.541592920353983
349,349,2016-12-15,30.04576271186441
350,350,2016-12-16,42.95681063122924
351,351,2016-12-17,46.00915750915751
352,352,2016-12-18,34.72175379426644
353,353,2016-12-19,25.71732026143791
354,354,2016-12-20,36.82815057283143
355,355,2016-12-21,63.47140381282496
356,356,2016-12-22,56.19575856443719
357,357,2016-12-23,52.96984924623116
358,358,2016-12-24,18.74947807933194
359,359,2016-12-25,10.848979591836734
360,360,2016-12-26,28.40938511326861
361,361,2016-12-27,19.902086677367578
362,362,2016-12-28,17.557536466774717
363,363,2016-12-29,10.462540716612375
364,364,2016-12-30,18.57119741100324
365,365,2016-12-31,4.858
366,366,2017-01-01,20.84055459272097
367,367,2017-01-02,31.324013157894736
368,368,2017-01-03,27.416806722689078
369,369,2017-01-04,21.086879432624112
370,370,2017-01-05,46.97132616487456
371,371,2017-01-06,21.674825174825173
372,372,2017-01-07,30.797826086956523
373,373,2017-01-08,24.690036900369005
374,374,2017-01-09,40.49911190053286
375,375,2017-01-10,20.053016453382085
376,376,2017-01-11,13.56294964028777
377,377,2017-01-12,31.09391304347826
378,378,2017-01-13,9.224525043177891
379,379,2017-01-14,11.855203619909505
380,380,2017-01-15,11.14595660749507
381,381,2017-01-16,14.39122807017544
382,382,2017-01-17,3.112115732368897
383,383,2017-01-18,11.673249551166966
384,384,2017-01-19,11.643103448275864
385,385,2017-01-20,20.094076655052262
386,386,2017-01-21,8.664444444444445
387,387,2017-01-22,64.27906976744185
388,388,2017-01-23,35.34397163120568
389,389,2017-01-24,3.672072072072072
390,390,2017-01-25,2.592198581560284
391,391,2017-01-26,7.302083333333333
392,392,2017-01-27,6.281519861830743
393,393,2017-01-28,1.0044345898004434
394,394,2017-01-29,15.492481203007518
395,395,2017-01-30,4.43280977312391
396,396,2017-01-31,1.7036363636363636
397,397,2017-02-01,21.323843416370103
398,398,2017-02-02,13.788194444444445
399,399,2017-02-03,23.194444444444443
400,400,2017-02-04,1.1901565995525727
401,401,2017-02-05,4.604554865424431
402,402,2017-02-06,48.47176684881603
403,403,2017-02-07,14.830601092896174
404,404,2017-02-08,22.183520599250937
405,405,2017-02-09,32.72509225092251
406,406,2017-02-10,17.266323024054984
407,407,2017-02-11,3.205298013245033
408,408,2017-02-12,6.574626865671642
409,409,2017-02-13,8.51388888888889
410,410,2017-02-14,2.705992509363296
411,411,2017-02-15,4.01063829787234
412,412,2017-02-16,9.950930626057527
413,413,2017-02-17,63.30386740331492
414,414,2017-02-18,33.54013015184382
415,415,2017-02-19,9.555984555984557
416,416,2017-02-20,36.37177280550775
417,417,2017-02-21,11.93391304347826
418,418,2017-02-22,9.728373702422145
419,419,2017-02-23,16.005
420,420,2017-02-24,14.56060606060606
421,421,2017-02-25,10.377398720682304
422,422,2017-02-26,15.146902654867256
423,423,2017-02-27,12.791878172588833
424,424,2017-02-28,7.703374777975133
425,425,2017-03-01,9.401050788091068
426,426,2017-03-02,23.199324324324323
427,427,2017-03-03,31.37751677852349
428,428,2017-03-04,13.546413502109704
429,429,2017-03-05,25.75221238938053
430,430,2017-03-06,29.835051546391757
431,431,2017-03-07,18.180385288966725
432,432,2017-03-08,15.539930555555555
433,433,2017-03-09,9.81094527363184
434,434,2017-03-10,15.555189456342667
435,435,2017-03-11,10.835699797160244
436,436,2017-03-12,34.34417808219178
437,437,2017-03-13,28.14801444043321
438,438,2017-03-14,15.528957528957529
439,439,2017-03-15,10.266553480475382
440,440,2017-03-16,11.28171334431631
441,441,2017-03-17,15.554276315789474
442,442,2017-03-18,4.838
443,443,2017-03-19,8.742372881355932
444,444,2017-03-20,12.33889816360601
445,445,2017-03-21,5.6092943201376935
446,446,2017-03-22,8.094754653130288
447,447,2017-03-23,9.949096880131362
448,448,2017-03-24,16.583056478405314
449,449,2017-03-25,3.694
450,450,2017-03-26,12.520338983050848
451,451,2017-03-27,7.836633663366337
452,452,2017-03-28,12.279310344827586
453,453,2017-03-29,4.013698630136986
454,454,2017-03-30,20.80730897009967
455,455,2017-03-31,19.75371900826446
456,456,2017-04-01,8.516064257028113
457,457,2017-04-02,13.9073756432247
458,458,2017-04-03,12.141666666666667
459,459,2017-04-04,8.404074702886248
460,460,2017-04-05,9.463793103448277
461,461,2017-04-06,40.70797962648557
462,462,2017-04-07,34.234693877551024
463,463,2017-04-08,20.411522633744852
464,464,2017-04-09,15.660409556313994
465,465,2017-04-10,9.868988391376451
466,466,2017-04-11,8.228915662650602
467,467,2017-04-12,8.254668930390492
468,468,2017-04-13,12.300826446280992
469,469,2017-04-14,5.425531914893617
470,470,2017-04-15,5.922606924643585
471,471,2017-04-16,2.2003514938488578
472,472,2017-04-17,15.47107438016529
473,473,2017-04-18,13.500860585197934
474,474,2017-04-19,8.439932318104907
475,475,2017-04-20,13.314144736842104
476,476,2017-04-21,23.01812191103789
477,477,2017-04-22,11.0922131147541
478,478,2017-04-23,15.948275862068966
479,479,2017-04-24,24.592039800995025
480,480,2017-04-25,15.49056603773585
481,481,2017-04-26,17.904273504273505
482,482,2017-04-27,31.595637583892614
483,483,2017-04-28,28.799668874172184
484,484,2017-04-29,7.939203354297694
485,485,2017-04-30,19.94982698961938
486,486,2017-05-01,17.0530679933665
487,487,2017-05-02,5.528301886792453
488,488,2017-05-03,10.93310463121784
489,489,2017-05-04,21.988333333333333
490,490,2017-05-05,35.08702791461412
491,491,2017-05-06,11.77938144329897
492,492,2017-05-07,33.92402826855124
493,493,2017-05-08,18.33884297520661
494,494,2017-05-09,20.491438356164384
495,495,2017-05-10,14.493197278911564
496,496,2017-05-11,26.249586776859505
497,497,2017-05-12,14.171052631578949
498,498,2017-05-13,18.903092783505155
499,499,2017-05-14,10.635416666666666
500,500,2017-05-15,21.13179571663921
501,501,2017-05-16,12.39041095890411
502,502,2017-05-17,22.202037351443124
503,503,2017-05-18,25.199004975124375
504,504,2017-05-19,23.48519736842105
505,505,2017-05-20,15.803245436105476
506,506,2017-05-21,28.69557823129252
507,507,2017-05-22,29.35737704918033
508,508,2017-05-23,22.703071672354948
509,509,2017-05-24,16.983221476510067
510,510,2017-05-25,41.056666666666665
511,511,2017-05-26,20.38095238095238
512,512,2017-05-27,6.626556016597511
513,513,2017-05-28,5.854651162790698
514,514,2017-05-29,10.06587837837838
515,515,2017-05-30,14.001669449081804
516,516,2017-05-31,10.843333333333334
517,517,2017-06-01,9.122349102773246
518,518,2017-06-02,12.371335504885993
519,519,2017-06-03,7.864811133200795
520,520,2017-06-04,15.671717171717171
521,521,2017-06-05,9.778135048231512
522,522,2017-06-06,14.669381107491857
523,523,2017-06-07,8.761437908496733
524,524,2017-06-08,15.952305246422894
525,525,2017-06-09,15.635930047694751
526,526,2017-06-10,5.686792452830189
527,527,2017-06-11,13.426470588235292
528,528,2017-06-12,13.78816199376947
529,529,2017-06-13,13.818037974683543
530,530,2017-06-14,16.59032258064516
531,531,2017-06-15,15.488958990536275
532,532,2017-06-16,15.7578125
533,533,2017-06-17,5.557620817843866
534,534,2017-06-18,14.549273021001616
535,535,2017-06-19,24.760904684975767
536,536,2017-06-20,16.66022544283414
537,537,2017-06-21,12.830940988835726
538,538,2017-06-22,10.774447949526811
539,539,2017-06-23,15.3515625
540,540,2017-06-24,18.00739371534196
541,541,2017-06-25,14.852988691437805
542,542,2017-06-26,6.2810047095761385
543,543,2017-06-27,10.454976303317537
544,544,2017-06-28,10.605388272583202
545,545,2017-06-29,9.109717868338558
546,546,2017-06-30,12.195275590551182
547,547,2017-07-01,20.610294117647054
548,548,2017-07-02,5.093145869947276
549,549,2017-07-03,4.048648648648649
550,550,2017-07-04,0.2935779816513761
551,551,2017-07-05,10.477419354838707
552,552,2017-07-06,4.262658227848101
553,553,2017-07-07,7.647619047619048
554,554,2017-07-08,4.9201451905626135
555,555,2017-07-09,7.462519936204146
556,556,2017-07-10,13.949921752738652
557,557,2017-07-11,9.60501567398119
558,558,2017-07-12,16.461783439490446
559,559,2017-07-13,16.62264150943396
560,560,2017-07-14,16.1216429699842
561,561,2017-07-15,8.897810218978103
562,562,2017-07-16,7.830917874396135
563,563,2017-07-17,13.916535433070866
564,564,2017-07-18,5.014150943396227
565,565,2017-07-19,12.678178963893249
566,566,2017-07-20,11.825816485225506
567,567,2017-07-21,12.84037558685446
568,568,2017-07-22,11.471971066907775
569,569,2017-07-23,14.1328
570,570,2017-07-24,15.88646967340591
571,571,2017-07-25,12.83464566929134
572,572,2017-07-26,9.734276729559747
573,573,2017-07-27,6.863777089783282
574,574,2017-07-28,13.115625
575,575,2017-07-29,8.52346570397112
576,576,2017-07-30,10.67515923566879
577,577,2017-07-31,9.641304347826088
578,578,2017-08-01,11.78930817610063
579,579,2017-08-02,12.492730210016155
580,580,2017-08-03,20.333858267716536
581,581,2017-08-04,21.152886115444616
582,582,2017-08-05,9.095495495495497
583,583,2017-08-06,16.27373417721519
584,584,2017-08-07,16.270897832817337
585,585,2017-08-08,14.232704402515724
586,586,2017-08-09,15.47867298578199
587,587,2017-08-10,16.411490683229815
588,588,2017-08-11,14.492283950617283
589,589,2017-08-12,9.467272727272729
590,590,2017-08-13,7.017515923566879
591,591,2017-08-14,11.0265625
592,592,2017-08-15,12.44794952681388
593,593,2017-08-16,8.87793427230047
594,594,2017-08-17,11.2453125
595,595,2017-08-18,15.713178294573645
596,596,2017-08-19,8.350093109869647
597,597,2017-08-20,21.8330658105939
598,598,2017-08-21,18.865506329113924
599,599,2017-08-22,13.228525121555917
600,600,2017-08-23,10.412520064205458
601,601,2017-08-24,10.282091917591126
602,602,2017-08-25,9.664556962025316
603,603,2017-08-26,4.5392354124748495
604,604,2017-08-27,8.558020477815699
605,605,2017-08-28,4.662809917355372
606,606,2017-08-29,5.542517006802721
607,607,2017-08-30,4.241146711635751
608,608,2017-08-31,13.724590163934426
609,609,2017-09-01,6.977124183006536
610,610,2017-09-02,0.2365591397849462
611,611,2017-09-03,3.492957746478873
612,612,2017-09-04,5.018211920529802
613,613,2017-09-05,5.618150684931507
614,614,2017-09-06,3.957142857142857
615,615,2017-09-07,7.815331010452962
616,616,2017-09-08,16.823214285714286
617,617,2017-09-09,1.0562770562770565
618,618,2017-09-10,1.6782608695652177
619,619,2017-09-11,1.682842287694974
620,620,2017-09-12,1.9806338028169013
621,621,2017-09-13,6.103448275862069
622,622,2017-09-14,12.207177814029365
623,623,2017-09-15,4.913821138211382
624,624,2017-09-16,0.1265306122448979
625,625,2017-09-17,8.81198003327787
626,626,2017-09-18,12.224755700325732
627,627,2017-09-19,9.039655172413791
628,628,2017-09-20,6.01358234295416
629,629,2017-09-21,7.52435064935065
630,630,2017-09-22,3.683870967741936
631,631,2017-09-23,-2.72210953346856
632,632,2017-09-24,4.735537190082645
633,633,2017-09-25,3.573717948717949
634,634,2017-09-26,-0.8085470085470086
635,635,2017-09-27,0.5799319727891157
636,636,2017-09-28,2.6575121163166395
637,637,2017-09-29,9.181229773462784
638,638,2017-09-30,-0.1136363636363636
639,639,2017-10-01,2.006644518272425
640,640,2017-10-02,3.4065040650406506
641,641,2017-10-03,1.9813242784380305
642,642,2017-10-04,1.6610738255033557
643,643,2017-10-05,6.608346709470305
644,644,2017-10-06,7.951534733441034
645,645,2017-10-07,2.678714859437751
646,646,2017-10-08,8.063333333333333
647,647,2017-10-09,17.09516129032258
648,648,2017-10-10,3.3846153846153846
649,649,2017-10-11,14.720268006700168
650,650,2017-10-12,15.957860615883307
651,651,2017-10-13,14.410130718954248
652,652,2017-10-14,6.926
653,653,2017-10-15,8.947194719471947
654,654,2017-10-16,3.759349593495935
655,655,2017-10-17,6.35016835016835
656,656,2017-10-18,7.569282136894825
657,657,2017-10-19,14.95090016366612
658,658,2017-10-20,11.096930533117932
659,659,2017-10-21,1.49402390438247
660,660,2017-10-22,7.669407894736842
661,661,2017-10-23,4.706168831168832
662,662,2017-10-24,8.281090289608176
663,663,2017-10-25,5.4190800681431
664,664,2017-10-26,8.881107491856678
665,665,2017-10-27,8.68729641693811
666,666,2017-10-28,13.73939393939394
667,667,2017-10-29,12.922813036020584
668,668,2017-10-30,5.304421768707483
669,669,2017-10-31,0.4158964879852125
670,670,2017-11-01,2.111111111111111
671,671,2017-11-02,5.264900662251655
672,672,2017-11-03,18.833613445378152
673,673,2017-11-04,5.402464065708419
674,674,2017-11-05,13.512820512820513
675,675,2017-11-06,9.350993377483444
676,676,2017-11-07,4.897526501766785
677,677,2017-11-08,2.4567474048442905
678,678,2017-11-09,6.202321724709784
679,679,2017-11-10,6.66996699669967
680,680,2017-11-11,0.7966101694915254
681,681,2017-11-12,5.82793867120954
682,682,2017-11-13,4.574503311258278
683,683,2017-11-14,0.7430555555555556
684,684,2017-11-15,4.257839721254356
685,685,2017-11-16,7.960264900662252
686,686,2017-11-17,6.988294314381271
687,687,2017-11-18,3.955911823647295
688,688,2017-11-19,7.180357142857143
689,689,2017-11-20,4.822064056939502
690,690,2017-11-21,4.60931899641577
691,691,2017-11-22,0.6399317406143344
692,692,2017-11-23,3.2325
693,693,2017-11-24,-1.6556016597510372
694,694,2017-11-25,3.1846689895470384
695,695,2017-11-26,15.527868852459015
696,696,2017-11-27,5.681518151815181
697,697,2017-11-28,0.195729537366548
698,698,2017-11-29,-0.2661870503597122
699,699,2017-11-30,2.7869415807560136
700,700,2017-12-01,3.331046312178388
701,701,2017-12-02,-2.6916299559471364
702,702,2017-12-03,4.355992844364938
703,703,2017-12-04,3.245250431778929
704,704,2017-12-05,0.0912408759124087
705,705,2017-12-06,-1.4205776173285198
706,706,2017-12-07,2.2613240418118465
707,707,2017-12-08,9.840070298769772
708,708,2017-12-09,2.922222222222222
709,709,2017-12-10,5.03921568627451
710,710,2017-12-11,3.962264150943396
711,711,2017-12-12,1.1794871794871795
712,712,2017-12-13,0.8522522522522522
713,713,2017-12-14,3.193103448275862
714,714,2017-12-15,6.34
715,715,2017-12-16,3.817427385892117
716,716,2017-12-17,9.016187050359711
717,717,2017-12-18,3.6884422110552766
718,718,2017-12-19,10.674616695059624
719,719,2017-12-20,15.173333333333334
720,720,2017-12-21,13.952998379254456
721,721,2017-12-22,7.969648562300319
722,722,2017-12-23,14.709565217391305
723,723,2017-12-24,12.96911196911197
724,724,2017-12-25,17.729433272394882
725,725,2017-12-26,14.030254777070065
726,726,2017-12-27,13.019354838709678
727,727,2017-12-28,7.078048780487805
728,728,2017-12-29,12.762135922330096
729,729,2017-12-30,11.937608318890817
730,730,2017-12-31,13.7134724857685
731,731,2018-01-01,16.289297658862875
732,732,2018-01-02,15.177884615384617
733,733,2018-01-03,5.946488294314381
734,734,2018-01-04,7.207956600361664
735,735,2018-01-05,17.147899159663865
736,736,2018-01-06,7.808300395256917
737,737,2018-01-07,11.956810631229237
738,738,2018-01-08,16.51510067114094
739,739,2018-01-09,14.693140794223826
740,740,2018-01-10,6.850352112676056
741,741,2018-01-11,5.841836734693878
742,742,2018-01-12,17.62857142857143
743,743,2018-01-13,2.227272727272727
744,744,2018-01-14,1.326454033771107
745,745,2018-01-15,6.505942275042445
746,746,2018-01-16,5.593806921675774
747,747,2018-01-17,5.703900709219858
748,748,2018-01-18,3.671209540034072
749,749,2018-01-19,7.890387858347386
750,750,2018-01-20,0.3634408602150538
751,751,2018-01-21,6.359855334538879
752,752,2018-01-22,-0.7893835616438356
753,753,2018-01-23,0.3321364452423698
754,754,2018-01-24,3.107205623901581
755,755,2018-01-25,0.6323777403035413
756,756,2018-01-26,-0.3461538461538461
757,757,2018-01-27,2.323974082073434
758,758,2018-01-28,1.1618705035971224
759,759,2018-01-29,-1.897133220910624
760,760,2018-01-30,-1.82078853046595
761,761,2018-01-31,0.9404553415061296
762,762,2018-02-01,4.155668358714044
763,763,2018-02-02,3.0415973377703827
764,764,2018-02-03,-1.2203023758099352
765,765,2018-02-04,1.115009746588694
766,766,2018-02-05,8.190068493150685
767,767,2018-02-06,-0.8042704626334519
768,768,2018-02-07,4.007017543859649
769,769,2018-02-08,0.2423208191126279
770,770,2018-02-09,20.05821917808219
771,771,2018-02-10,7.842105263157895
772,772,2018-02-11,8.231046931407942
773,773,2018-02-12,5.187817258883249
774,774,2018-02-13,1.7825311942959
775,775,2018-02-14,3.62803738317757
776,776,2018-02-15,10.896039603960396
777,777,2018-02-16,12.061290322580644
778,778,2018-02-17,6.826530612244898
779,779,2018-02-18,3.061818181818182
780,780,2018-02-19,15.085667215815484
781,781,2018-02-20,13.13109243697479
782,782,2018-02-21,8.483443708609272
783,783,2018-02-22,11.694174757281552
784,784,2018-02-23,9.109854604200324
785,785,2018-02-24,5.885311871227364
786,786,2018-02-25,8.2
787,787,2018-02-26,10.99510603588907
788,788,2018-02-27,4.813559322033898
789,789,2018-02-28,10.081125827814567
790,790,2018-03-01,15.763245033112582
791,791,2018-03-02,22.79001721170396
792,792,2018-03-03,13.222903885480571
793,793,2018-03-04,9.61391304347826
794,794,2018-03-05,9.465573770491805
795,795,2018-03-06,4.706375838926174
796,796,2018-03-07,4.684931506849315
797,797,2018-03-08,6.120521172638436
798,798,2018-03-09,11.153225806451612
799,799,2018-03-10,9.667946257197697
800,800,2018-03-11,14.095867768595042
801,801,2018-03-12,13.515702479338843
802,802,2018-03-13,9.042444821731747
803,803,2018-03-14,16.504950495049506
804,804,2018-03-15,14.661290322580646
805,805,2018-03-16,17.676898222940228
806,806,2018-03-17,5.468992248062016
807,807,2018-03-18,7.248355263157895
808,808,2018-03-19,7.270358306188925
809,809,2018-03-20,12.678082191780822
810,810,2018-03-21,19.75971731448763
811,811,2018-03-22,45.917081260364846
812,812,2018-03-23,14.528938906752412
813,813,2018-03-24,9.911196911196912
814,814,2018-03-25,8.414355628058727
815,815,2018-03-26,9.78444084278768
816,816,2018-03-27,7.299159663865546
817,817,2018-03-28,10.0182119205298
818,818,2018-03-29,9.54457050243112
819,819,2018-03-30,13.13548387096774
820,820,2018-03-31,7.699410609037328
821,821,2018-04-01,10.19134775374376
822,822,2018-04-02,10.329545454545457
823,823,2018-04-03,9.05892255892256
824,824,2018-04-04,11.814691151919869
825,825,2018-04-05,5.651050080775445
826,826,2018-04-06,12.412724306688418
827,827,2018-04-07,6.353965183752417
828,828,2018-04-08,8.677524429967427
829,829,2018-04-09,8.0288
830,830,2018-04-10,4.203020134228188
831,831,2018-04-11,3.957377049180328
832,832,2018-04-12,7.431061806656102
833,833,2018-04-13,8.764984227129338
834,834,2018-04-14,6.411650485436893
835,835,2018-04-15,18.33878887070377
836,836,2018-04-16,26.449367088607595
837,837,2018-04-17,11.198305084745762
838,838,2018-04-18,5.411861614497528
839,839,2018-04-19,9.567353407290016
840,840,2018-04-20,7.421383647798742
841,841,2018-04-21,7.896749521988528
842,842,2018-04-22,9.328025477707008
843,843,2018-04-23,8.946031746031746
844,844,2018-04-24,7.991467576791809
845,845,2018-04-25,8.197986577181208
846,846,2018-04-26,8.300632911392405
847,847,2018-04-27,7.492957746478873
848,848,2018-04-28,0.6174242424242424
849,849,2018-04-29,9.48407643312102
850,850,2018-04-30,6.202830188679245
851,851,2018-05-01,1.6414141414141414
852,852,2018-05-02,4.083194675540765
853,853,2018-05-03,14.958795562599049
854,854,2018-05-04,9.472527472527473
855,855,2018-05-05,2.7448015122873346
856,856,2018-05-06,11.8258785942492
857,857,2018-05-07,3.91283676703645
858,858,2018-05-08,3.3372093023255816
859,859,2018-05-09,9.303571428571429
860,860,2018-05-10,7.238924050632911
861,861,2018-05-11,8.9625
862,862,2018-05-12,2.8869731800766285
863,863,2018-05-13,4.357259380097879
864,864,2018-05-14,11.626794258373206
865,865,2018-05-15,9.535893155258764
866,866,2018-05-16,9.071778140293638
867,867,2018-05-17,9.921507064364206
868,868,2018-05-18,13.45125786163522
869,869,2018-05-19,5.368620037807183
870,870,2018-05-20,17.31050955414013
871,871,2018-05-21,14.984375
872,872,2018-05-22,7.830870279146141
873,873,2018-05-23,8.9776
874,874,2018-05-24,10.7265625
875,875,2018-05-25,8.671850699844478
876,876,2018-05-26,4.809980806142034
877,877,2018-05-27,0.5948905109489051
878,878,2018-05-28,6.717041800643087
879,879,2018-05-29,5.371753246753247
880,880,2018-05-30,12.00487012987013
881,881,2018-05-31,12.314465408805033
882,882,2018-06-01,5.858934169278997
883,883,2018-06-02,5.580340264650284
884,884,2018-06-03,10.192125984251968
885,885,2018-06-04,7.435658914728682
886,886,2018-06-05,2.3629032258064515
887,887,2018-06-06,4.175824175824176
888,888,2018-06-07,7.722727272727273
889,889,2018-06-08,7.6923076923076925
890,890,2018-06-09,8.616197183098592
891,891,2018-06-10,12.100308641975309
892,892,2018-06-11,7.035982008995502
893,893,2018-06-12,6.472727272727273
894,894,2018-06-13,9.113323124042878
895,895,2018-06-14,4.938530734632684
896,896,2018-06-15,10.994020926756352
897,897,2018-06-16,5.157068062827225
898,898,2018-06-17,9.476923076923075
899,899,2018-06-18,7.879699248120301
900,900,2018-06-19,11.182380216383308
901,901,2018-06-20,9.435975609756095
902,902,2018-06-21,10.06980273141123
903,903,2018-06-22,9.369924812030074
904,904,2018-06-23,6.873462214411248
905,905,2018-06-24,12.00920245398773
906,906,2018-06-25,13.936651583710407
907,907,2018-06-26,8.40677966101695
908,908,2018-06-27,6.0592705167173255
909,909,2018-06-28,8.677811550151976
910,910,2018-06-29,7.357784431137724
911,911,2018-06-30,5.866782006920415
912,912,2018-07-01,4.636363636363637
913,913,2018-07-02,3.988853503184713
914,914,2018-07-03,8.032534246575343
915,915,2018-07-04,2.1134751773049647
916,916,2018-07-05,6.327503974562798
917,917,2018-07-06,6.923444976076555
918,918,2018-07-07,7.019163763066202
919,919,2018-07-08,6.0
920,920,2018-07-09,10.152466367713004
921,921,2018-07-10,8.951367781155016
922,922,2018-07-11,6.435045317220544
923,923,2018-07-12,8.403348554033485
924,924,2018-07-13,4.625377643504532
925,925,2018-07-14,4.147368421052631
926,926,2018-07-15,12.077639751552796
927,927,2018-07-16,7.127627627627628
928,928,2018-07-17,15.486902927580894
929,929,2018-07-18,5.751515151515152
930,930,2018-07-19,9.802098950524735
931,931,2018-07-20,13.560422960725075
932,932,2018-07-21,9.266550522648084
933,933,2018-07-22,13.953125
934,934,2018-07-23,20.67682926829268
935,935,2018-07-24,12.192901234567902
936,936,2018-07-25,13.832072617246595
937,937,2018-07-26,11.639939485627837
938,938,2018-07-27,12.465960665658091
939,939,2018-07-28,14.07029876977153
940,940,2018-07-29,17.265432098765434
941,941,2018-07-30,11.67313432835821
942,942,2018-07-31,12.203389830508474
943,943,2018-08-01,10.136570561456752
944,944,2018-08-02,16.847560975609756
945,945,2018-08-03,19.062310030395132
946,946,2018-08-04,10.224347826086955
947,947,2018-08-05,9.140215716486903
948,948,2018-08-06,8.58955223880597
949,949,2018-08-07,12.767584097859327
950,950,2018-08-08,21.02619414483821
951,951,2018-08-09,13.071748878923769
952,952,2018-08-10,9.226865671641791
953,953,2018-08-11,13.835125448028672
954,954,2018-08-12,11.4421875
955,955,2018-08-13,14.937125748502996
956,956,2018-08-14,17.626356589147285
957,957,2018-08-15,12.519142419601838
958,958,2018-08-16,10.591251885369532
959,959,2018-08-17,9.8234398782344
960,960,2018-08-18,7.14936247723133
961,961,2018-08-19,12.725429017160687
962,962,2018-08-20,9.580547112462009
963,963,2018-08-21,10.31321370309951
964,964,2018-08-22,5.221508828250402
965,965,2018-08-23,6.214849921011059
966,966,2018-08-24,9.366929133858267
967,967,2018-08-25,2.574144486692015
968,968,2018-08-26,2.873990306946688
969,969,2018-08-27,6.515007898894154
970,970,2018-08-28,4.692691029900332
971,971,2018-08-29,2.300324675324675
972,972,2018-08-30,4.603149606299213
973,973,2018-08-31,8.253543307086614
974,974,2018-09-01,6.33264887063655
975,975,2018-09-02,0.222011385199241
976,976,2018-09-03,6.665032679738562
977,977,2018-09-04,3.5542372881355933
978,978,2018-09-05,2.4507512520868118
979,979,2018-09-06,2.1473509933774837
980,980,2018-09-07,3.1766666666666667
981,981,2018-09-08,-0.1535433070866141
982,982,2018-09-09,3.057660626029654
983,983,2018-09-10,2.778675282714055
984,984,2018-09-11,0.6068376068376068
985,985,2018-09-12,0.9653465346534652
986,986,2018-09-13,1.3632075471698113
987,987,2018-09-14,4.243670886075949
988,988,2018-09-15,-0.3430799220272904
989,989,2018-09-16,6.235099337748345
990,990,2018-09-17,5.63317384370016
991,991,2018-09-18,2.18135593220339
992,992,2018-09-19,2.2796052631578947
993,993,2018-09-20,8.6513470681458
994,994,2018-09-21,8.33816425120773
995,995,2018-09-22,4.451866404715128
996,996,2018-09-23,8.61311475409836
997,997,2018-09-24,4.2656
998,998,2018-09-25,3.755067567567568
999,999,2018-09-26,6.83993399339934
1000,1000,2018-09-27,5.993630573248407
1001,1001,2018-09-28,6.851910828025478
1002,1002,2018-09-29,8.017751479289942
1003,1003,2018-09-30,5.386776859504132
1004,1004,2018-10-01,5.876602564102564
1005,1005,2018-10-02,1.305084745762712
1006,1006,2018-10-03,3.811881188118812
1007,1007,2018-10-04,5.151898734177215
1008,1008,2018-10-05,4.520504731861199
1009,1009,2018-10-06,4.149700598802395
1010,1010,2018-10-07,5.598006644518272
1011,1011,2018-10-08,6.661858974358975
1012,1012,2018-10-09,4.4623115577889445
1013,1013,2018-10-10,4.377668308702791
1014,1014,2018-10-11,12.924920127795527
1015,1015,2018-10-12,15.065079365079365
1016,1016,2018-10-13,10.621031746031743
1017,1017,2018-10-14,10.177049180327868
1018,1018,2018-10-15,20.10207336523126
1019,1019,2018-10-16,3.132013201320132
1020,1020,2018-10-17,4.146341463414634
1021,1021,2018-10-18,6.408874801901743
1022,1022,2018-10-19,13.42766295707472
1023,1023,2018-10-20,4.241035856573705
1024,1024,2018-10-21,7.210963455149502
1025,1025,2018-10-22,6.886217948717949
1026,1026,2018-10-23,6.750830564784053
1027,1027,2018-10-24,2.042483660130719
1028,1028,2018-10-25,5.23696682464455
1029,1029,2018-10-26,9.891679748822606
1030,1030,2018-10-27,9.03448275862069
1031,1031,2018-10-28,13.208261617900172
1032,1032,2018-10-29,10.840677966101694
1033,1033,2018-10-30,4.755834829443447
1034,1034,2018-10-31,0.5668662674650699
1035,1035,2018-11-01,5.713810316139767
1036,1036,2018-11-02,5.201986754966887
1037,1037,2018-11-03,1.8390342052313884
1038,1038,2018-11-04,2.033500837520938
1039,1039,2018-11-05,4.450495049504951
1040,1040,2018-11-06,4.164075993091537
1041,1041,2018-11-07,4.656410256410257
1042,1042,2018-11-08,6.6245901639344265
1043,1043,2018-11-09,15.526058631921824
1044,1044,2018-11-10,4.768762677484787
1045,1045,2018-11-11,8.632107023411372
1046,1046,2018-11-12,2.9020866773675764
1047,1047,2018-11-13,2.685714285714285
1048,1048,2018-11-14,5.661073825503356
1049,1049,2018-11-15,17.444805194805195
1050,1050,2018-11-16,19.01451612903226
1051,1051,2018-11-17,11.291115311909262
1052,1052,2018-11-18,6.464837049742711
1053,1053,2018-11-19,3.4716981132075477
1054,1054,2018-11-20,9.69767441860465
1055,1055,2018-11-21,13.806451612903226
1056,1056,2018-11-22,1.53125
1057,1057,2018-11-23,0.4260355029585799
1058,1058,2018-11-24,7.973109243697479
1059,1059,2018-11-25,11.7223113964687
1060,1060,2018-11-26,16.7
1061,1061,2018-11-27,6.144053601340033
1062,1062,2018-11-28,2.1015761821366024
1063,1063,2018-11-29,23.92542372881356
1064,1064,2018-11-30,2.797658862876254
1065,1065,2018-12-01,2.951167728237792
1066,1066,2018-12-02,3.727272727272727
1067,1067,2018-12-03,2.0340715502555367
1068,1068,2018-12-04,2.804659498207885
1069,1069,2018-12-05,8.540394973070018
1070,1070,2018-12-06,30.45484949832776
1071,1071,2018-12-07,6.475083056478406
1072,1072,2018-12-08,0.2696390658174097
1073,1073,2018-12-09,4.752631578947368
1074,1074,2018-12-10,4.737732656514383
1075,1075,2018-12-11,2.7464285714285714
1076,1076,2018-12-12,0.3677758318739054
1077,1077,2018-12-13,3.54228855721393
1078,1078,2018-12-14,9.26968174204355
1079,1079,2018-12-15,5.273109243697479
1080,1080,2018-12-16,9.971428571428572
1081,1081,2018-12-17,5.57672849915683
1082,1082,2018-12-18,4.341549295774648
1083,1083,2018-12-19,6.996875
1084,1084,2018-12-20,13.49921752738654
1085,1085,2018-12-21,19.41331269349845
1086,1086,2018-12-22,9.62684124386252
1087,1087,2018-12-23,7.656967840735069
1088,1088,2018-12-24,7.885245901639344
1089,1089,2018-12-25,5.043087971274685
1090,1090,2018-12-26,9.203389830508474
1091,1091,2018-12-27,20.946153846153845
1092,1092,2018-12-28,15.190548780487806
1093,1093,2018-12-29,10.08688524590164
1094,1094,2018-12-30,8.20923076923077
1095,1095,2018-12-31,7.120287253141831
1096,1096,2019-04-01,10.630732443998651
1097,1097,2019-04-01,10.630732443998651
1098,1098,2019-04-01,10.630732443998651
1099,1099,2019-04-01,10.630732443998651
1100,1100,2019-04-01,10.630732443998651
1101,1101,2019-04-01,10.630732443998651
1102,1102,2019-04-01,10.630732443998651
1103,1103,2019-04-01,10.630732443998651
1104,1104,2019-04-01,10.630732443998651
1105,1105,2019-04-01,10.630732443998651
1106,1106,2019-04-01,10.630732443998651
1107,1107,2019-04-01,10.630732443998651
1108,1108,2019-04-01,10.630732443998651
1109,1109,2019-04-01,10.630732443998651
1110,1110,2019-04-01,10.630732443998651
1111,1111,2019-04-01,10.630732443998651
1112,1112,2019-04-01,10.630732443998651
1113,1113,2019-04-01,10.630732443998651
1114,1114,2019-04-01,10.630732443998651
1115,1115,2019-04-01,10.630732443998651
1116,1116,2019-04-01,10.630732443998651
1117,1117,2019-04-01,10.630732443998651
1118,1118,2019-04-01,10.630732443998651
1119,1119,2019-04-01,10.630732443998651
1120,1120,2019-04-01,10.630732443998651
1121,1121,2019-04-01,10.630732443998651
1122,1122,2019-04-01,10.630732443998651
1123,1123,2019-04-01,10.630732443998651
1124,1124,2019-04-01,10.630732443998651
1125,1125,2019-04-01,10.630732443998651
1126,1126,2019-04-01,10.630732443998651
1127,1127,2019-04-01,10.630732443998651
1128,1128,2019-04-01,10.630732443998651
1129,1129,2019-04-01,10.630732443998651
1130,1130,2019-04-01,10.630732443998651
1131,1131,2019-04-01,10.630732443998651
1132,1132,2019-04-01,10.630732443998651
1133,1133,2019-04-01,10.630732443998651
1134,1134,2019-04-01,10.630732443998651
1135,1135,2019-04-01,10.630732443998651
1136,1136,2019-04-01,10.630732443998651
1137,1137,2019-04-01,10.630732443998651
1138,1138,2019-04-01,10.630732443998651
1139,1139,2019-04-01,10.630732443998651
1140,1140,2019-04-01,10.630732443998651
1141,1141,2019-04-01,10.630732443998651
1142,1142,2019-04-01,10.630732443998651
1143,1143,2019-04-01,10.630732443998651
1144,1144,2019-04-01,10.630732443998651
1145,1145,2019-04-01,10.630732443998651
1146,1146,2019-04-01,10.630732443998651
1147,1147,2019-04-01,10.630732443998651
1148,1148,2019-04-01,10.630732443998651
1149,1149,2019-04-01,10.630732443998651
1150,1150,2019-04-01,10.630732443998651
1151,1151,2019-04-01,10.630732443998651
1152,1152,2019-04-01,10.630732443998651
1153,1153,2019-04-01,10.630732443998651
1154,1154,2019-04-01,10.630732443998651
1155,1155,2019-04-01,10.630732443998651
1156,1156,2019-04-01,10.630732443998651
1157,1157,2019-04-01,10.630732443998651
1158,1158,2019-04-01,10.630732443998651
1159,1159,2019-04-01,10.630732443998651
1160,1160,2019-04-01,10.630732443998651
1161,1161,2019-04-01,10.630732443998651
1162,1162,2019-04-01,10.630732443998651
1163,1163,2019-04-01,10.630732443998651
1164,1164,2019-04-01,10.630732443998651
1165,1165,2019-04-01,10.630732443998651
1166,1166,2019-04-01,10.630732443998651
1167,1167,2019-04-01,10.630732443998651
1168,1168,2019-04-01,10.630732443998651
1169,1169,2019-04-01,10.630732443998651
1170,1170,2019-04-01,10.630732443998651
1171,1171,2019-04-01,10.630732443998651
1172,1172,2019-04-01,10.630732443998651
1173,1173,2019-04-01,10.630732443998651
1174,1174,2019-04-01,10.630732443998651
1175,1175,2019-04-01,10.630732443998651
1176,1176,2019-04-01,10.630732443998651
1177,1177,2019-04-01,10.630732443998651
1178,1178,2019-04-01,10.630732443998651
1179,1179,2019-04-01,10.630732443998651
1180,1180,2019-04-01,10.630732443998651
1181,1181,2019-04-01,10.630732443998651
1182,1182,2019-04-01,10.630732443998651
1183,1183,2019-04-01,10.630732443998651
1184,1184,2019-04-01,10.630732443998651
1185,1185,2019-04-01,10.630732443998651
